{"cameraMode":{"drawMode":0,"name":"Shaded","section":"Shading Mode"},"sceneLighting":false,"audioPlay":false,"sceneViewState":{"m_AlwaysRefresh":false,"showFog":true,"showSkybox":false,"showFlares":true,"showImageEffects":true,"showParticleSystems":true,"showVisualEffectGraphs":true,"m_FxEnabled":true},"in2DMode":false,"pivot":{"x":-2.1302530765533449,"y":0.3954816162586212,"z":-0.44076794385910036},"rotation":{"x":0.028409352526068689,"y":0.16565629839897157,"z":-0.00475961621850729,"w":0.9857455492019653},"size":1.9108257293701172,"orthographic":false}